{"eval_exact_match": 99.10464465584779, "eval_f1": 99.62122880244989}