{"eval_exact_match": 74.40870387890256, "eval_f1": 82.9879693091022}