{"eval_exact": 70.07495999326203, "eval_f1": 73.32514757830167, "eval_total": 11873, "eval_HasAns_exact": 69.16329284750337, "eval_HasAns_f1": 75.67298873096739, "eval_HasAns_total": 5928, "eval_NoAns_exact": 70.98402018502944, "eval_NoAns_f1": 70.98402018502944, "eval_NoAns_total": 5945, "eval_best_exact": 71.35517560852354, "eval_best_exact_thresh": -2.6526546478271484, "eval_best_f1": 74.23549495771509, "eval_best_f1_thresh": -1.9451627731323242}