{"eval_exact_match": 65.89887640449439, "eval_f1": 75.07368996106567}