{"eval_exact": 36.95780341952329, "eval_f1": 41.35911333317461, "eval_total": 11873, "eval_HasAns_exact": 73.6842105263158, "eval_HasAns_f1": 82.49945219378915, "eval_HasAns_total": 5928, "eval_NoAns_exact": 0.33641715727502103, "eval_NoAns_f1": 0.33641715727502103, "eval_NoAns_total": 5945, "eval_best_exact": 56.78430051377074, "eval_best_exact_thresh": -32.18910217285156, "eval_best_f1": 57.88567458981202, "eval_best_f1_thresh": -32.08103942871094}