{"eval_exact_match": 66.31225517627308, "eval_f1": 75.3804848439731}