{"eval_exact_match": 77.89025543992432, "eval_f1": 85.93289770544517}