{"eval_exact_match": 74.18164616840113, "eval_f1": 82.52767371140467}