{"eval_exact_match": 94.10112359550561, "eval_f1": 96.13079820887596}