{"eval_exact_match": 55.42134831460674, "eval_f1": 62.292582379469906}