{"eval_exact": 17.89775120020214, "eval_f1": 23.401902948522203, "eval_total": 11873, "eval_HasAns_exact": 35.8468286099865, "eval_HasAns_f1": 46.87091661737586, "eval_HasAns_total": 5928, "eval_NoAns_exact": 0.0, "eval_NoAns_f1": 0.0, "eval_NoAns_total": 5945, "eval_best_exact": 50.130548302872064, "eval_best_exact_thresh": -14.758623123168945, "eval_best_f1": 50.14300307065404, "eval_best_f1_thresh": -14.758623123168945}