{"eval_exact_match": 66.98377168438724, "eval_f1": 74.60394298827156}