{"eval_exact_match": 38.54304635761589, "eval_f1": 47.893687921697655}