{"eval_exact": 19.548555546197253, "eval_f1": 24.501436583130356, "eval_total": 11873, "eval_HasAns_exact": 38.680836707152494, "eval_HasAns_f1": 48.60080238723122, "eval_HasAns_total": 5928, "eval_NoAns_exact": 0.47098402018502944, "eval_NoAns_f1": 0.47098402018502944, "eval_NoAns_total": 5945, "eval_best_exact": 50.34111008169797, "eval_best_exact_thresh": -17.86079978942871, "eval_best_f1": 50.41622442341325, "eval_best_f1_thresh": -17.86079978942871}