{"eval_exact_match": 98.99272523782876, "eval_f1": 99.56154535962956}