{"eval_exact": 39.1644908616188, "eval_f1": 43.18598301245196, "eval_total": 11873, "eval_HasAns_exact": 78.42442645074225, "eval_HasAns_f1": 86.47894337159956, "eval_HasAns_total": 5928, "eval_NoAns_exact": 0.01682085786375105, "eval_NoAns_f1": 0.01682085786375105, "eval_NoAns_total": 5945, "eval_best_exact": 58.03082624442011, "eval_best_exact_thresh": -25.6724853515625, "eval_best_f1": 59.149709568264846, "eval_best_f1_thresh": -25.6724853515625}