{"eval_exact": 43.79684999578876, "eval_f1": 48.322878515911775, "eval_total": 11873, "eval_HasAns_exact": 74.30836707152497, "eval_HasAns_f1": 83.37340361326245, "eval_HasAns_total": 5928, "eval_NoAns_exact": 13.372582001682085, "eval_NoAns_f1": 13.372582001682085, "eval_NoAns_total": 5945, "eval_best_exact": 67.05971532047502, "eval_best_exact_thresh": -22.261205673217773, "eval_best_f1": 69.38201935717619, "eval_best_f1_thresh": -22.261205673217773}