{"eval_exact_match": 91.49412423055401, "eval_f1": 94.100191631225}