{"eval_exact_match": 99.29775280898876, "eval_f1": 99.65308045116376}