{"eval_exact_match": 35.30747398297067, "eval_f1": 46.02234835671095}