{"eval_exact_match": 64.18578623391159, "eval_f1": 71.26869641484792}