{"eval_exact_match": 99.38202247191012, "eval_f1": 99.69240282353827}